{
    "parent": "minecraft:item/handheld",
    "textures": {
        "layer0": "minecraft:custom/flareblood_kama"
    },
    "display": {
        "thirdperson_righthand": {
            "rotation": [0, 90, 35],
            "translation": [0, 4.75, 1.25],
            "scale": [1, 1, 1]
        },
        "thirdperson_lefthand": {
            "rotation": [0, 270, 325],
            "translation": [0, 4.75, 1.25],
            "scale": [1, 1, 1]
        },
        "firstperson_righthand": {
            "rotation": [0, 90, 25],
            "translation": [4, 1.5, -2.5],
            "scale": [1, 1, 1]
        },
        "firstperson_lefthand": {
            "rotation": [0, 270, 335],
            "translation": [4, 1.5, -2.5],
            "scale": [1, 1, 1]
        },
        "ground": {
            "rotation": [0, 0, 0],
            "translation": [0, 2, 0],
            "scale": [0.5, 0.5, 0.5]
        },
        "fixed": {
            "rotation": [0, 0, 0],
            "translation": [0, 0, 0],
            "scale": [1, 1, 1]
        }
    }
}
