{
    "parent": "minecraft:item/handheld",
    "textures": {
        "layer0": "minecraft:custom/rusted_steel"
    },
    "display": {
        "thirdperson_righthand": {
            "rotation": [0, 270, 55],
            "translation": [0, 6, 0.75],
            "scale": [1.05, 1.05, 1]
        },
        "thirdperson_lefthand": {
            "rotation": [0, 90, 305],
            "translation": [0, 6, 0.75],
            "scale": [1.05, 1.05, 1]
        },
        "firstperson_righthand": {
            "rotation": [0, 270, 25],
            "translation": [4, 1.5, -2.5],
            "scale": [1.05, 1.05, 1]
        },
        "firstperson_lefthand": {
            "rotation": [0, 90, 335],
            "translation": [4, 1.5, -2.5],
            "scale": [1.05, 1.05, 1]
        },
        "ground": {
            "rotation": [0, 0, 0],
            "translation": [0, 3, 0],
            "scale": [0.5, 0.5, 0.5]
        },
        "fixed": {
            "rotation": [0, 0, 0],
            "translation": [0, 0, 0],
            "scale": [1, 1, 1]
        }
    }
}
