{
    "parent": "minecraft:item/handheld",
    "textures": {
        "layer0": "minecraft:custom/twilight_keris"
    },
    "display": {
        "thirdperson_righthand": {
            "rotation": [180, 270, 50],
            "translation": [0, -6.5, 3.25],
            "scale": [1, 1, 1]
        },
        "thirdperson_lefthand": {
            "rotation": [180, 90, 310],
            "translation": [0, -6.5, 3.25],
            "scale": [1, 1, 1]
        },
        "firstperson_righthand": {
            "rotation": [0, 85, 75],
            "translation": [4, 1.5, -2.5],
            "scale": [1, 1, 1]
        },
        "firstperson_lefthand": {
            "rotation": [0, 265, 285],
            "translation": [4, 1.5, -2.5],
            "scale": [1, 1, 1]
        },
        "ground": {
            "rotation": [0, 0, 0],
            "translation": [0, 2, 0],
            "scale": [0.5, 0.5, 0.5]
        },
        "fixed": {
            "rotation": [0, 0, 0],
            "translation": [0, 0, 0],
            "scale": [1, 1, 1]
        }
    }
}
