{
    "custom.crucifix_unlock": {
        "sounds": [{
            "name": "custom/c_unlock"
        }]
    },
    "custom.devilbane_curse": {
        "sounds": [{
            "name": "custom/db_curse"
        }]
    },
    "custom.devilbane_heartbeat": {
        "sounds": [{
            "name": "custom/db_heartbeat"
        }]
    },
    "custom.dreadscythe_execute": {
        "sounds": [{
            "name": "custom/ds_execute"
        }]
    },
    "custom.dreadscythe_scourage": {
        "sounds": [{
            "name": "custom/ds_scourage"
        }]
    },
    "custom.dreadscythe_unlock": {
        "sounds": [{
            "name": "custom/ds_unlock"
        }]
    },
    "custom.excalibur_swing": {
        "sounds": [{
            "name": "custom/e_swing"
        }]
    },
    "custom.excalibur_unlock": {
        "sounds": [{
            "name": "custom/e_unlock"
        }]
    },
    "custom.enforcers_blade_hit": {
        "sounds": [{
            "name": "custom/eb_hit"
        }]
    },
    "custom.enforcers_blade_unlock": {
        "sounds": [{
            "name": "custom/eb_unlock"
        }]
    },
    "custom.enforcers_blade_windup": {
        "sounds": [{
            "name": "custom/eb_windup"
        }]
    },
    "custom.epine_d_argent_jab_1": {
        "sounds": [{
            "name": "custom/eda_jab1"
        }]
    },
    "custom.epine_d_argent_jab_2": {
        "sounds": [{
            "name": "custom/eda_jab2"
        }]
    },
    "custom.epine_d_argent_jab_3": {
        "sounds": [{
            "name": "custom/eda_jab3"
        }]
    },
    "custom.epine_d_argent_unlock": {
        "sounds": [{
            "name": "custom/eda_unlock"
        }]
    },
    "custom.enter_combat": {
        "sounds": [{
            "name": "custom/entercombat"
        }]
    },
    "custom.ends_wyrmclaw_skill": {
        "sounds": [{
            "name": "custom/ew_skill"
        }]
    },
    "custom.ends_wyrmclaw_unlock": {
        "sounds": [{
            "name": "custom/ew_unlock"
        }]
    },
    "custom.frostbite_unlock": {
        "sounds": [{
            "name": "custom/fb_unlock"
        }]
    },
    "custom.flareblood_kama_cease": {
        "sounds": [{
            "name": "custom/fk_cease"
        }]
    },
    "custom.flareblood_kama_skill": {
        "sounds": [{
            "name": "custom/fk_skill"
        }]
    },
    "custom.flareblood_kama_unlock": {
        "sounds": [{
            "name": "custom/fk_unlock"
        }]
    },
    "custom.liquidation_skill": {
        "sounds": [{
            "name": "custom/l_skill"
        }]
    },
    "custom.liquidation_ultimate": {
        "sounds": [{
            "name": "custom/l_ultimate"
        }]
    },
    "custom.liquidation_unlock": {
        "sounds": [{
            "name": "custom/l_unlock"
        }]
    },
    "custom.murasama_enrage": {
        "sounds": [{
            "name": "custom/m_enrage"
        }]
    },
    "custom.murasama_unlock": {
        "sounds": [{
            "name": "custom/m_unlock"
        }]
    },
    "custom.overdosed_riff": {
        "sounds": [{
            "name": "custom/od_riff"
        }]
    },
    "custom.overdosed_unlock": {
        "sounds": [{
            "name": "custom/od_unlock"
        }]
    },
    "custom.ruyi_jingu_bang_fly": {
        "sounds": [{
            "name": "custom/rjb_fly"
        }]
    },
    "custom.ruyi_jingu_bang_land": {
        "sounds": [{
            "name": "custom/rjb_land"
        }]
    },
    "custom.ruyi_jingu_bang_unlock": {
        "sounds": [{
            "name": "custom/rjb_unlock"
        }]
    },
    "custom.rusted_steel_skill": {
        "sounds": [{
            "name": "custom/rs_skill"
        }]
    },
    "custom.rusted_steel_unlock": {
        "sounds": [{
            "name": "custom/rs_unlock"
        }]
    },
    "custom.rusted_steel_unsheathe": {
        "sounds": [{
            "name": "custom/rs_unsheathe"
        }]
    },
    "custom.rotweaver_hit": {
        "sounds": [{
            "name": "custom/rw_hit"
        }]
    },
    "custom.rotweaver_swing": {
        "sounds": [{
            "name": "custom/rw_swing"
        }]
    },
    "custom.silent_knife_dash": {
        "sounds": [{
            "name": "custom/sk_dash"
        }]
    },
    "custom.silent_knife_unlock": {
        "sounds": [{
            "name": "custom/sk_unlock"
        }]
    },
    "custom.twilight_keris_stalk": {
        "sounds": [{
            "name": "custom/tk_stalk"
        }]
    },
    "custom.twilight_keris_strike": {
        "sounds": [{
            "name": "custom/tk_strike"
        }]
    },
    "custom.twilight_keris_unlock": {
        "sounds": [{
            "name": "custom/tk_unlock"
        }]
    },
    "custom.world_anchor_slam": {
        "sounds": [{
            "name": "custom/wa_slam"
        }]
    },
    "custom.world_anchor_unlock": {
        "sounds": [{
            "name": "custom/wa_unlock"
        }]
    },
    "custom.world_anchor_windup": {
        "sounds": [{
            "name": "custom/wa_windup"
        }]
    }
}
